date,Open,High,Low,Adj Close,Volume
2020-04-24 16:00:00,124.52,124.84,124.5,124.73,168855.0
2020-04-24 15:55:00,124.68,125.0,124.19,124.51,144297.0
2020-04-24 15:50:00,124.8601,124.8601,124.5272,124.66,73119.0
2020-04-24 15:45:00,124.68,124.95,124.68,124.88,75160.0
2020-04-24 15:40:00,124.49,124.74,124.46,124.68,80184.0
2020-04-24 15:35:00,124.38,124.59,124.27,124.49,77204.0
2020-04-24 15:30:00,124.33,124.3701,124.1201,124.37,35398.0
2020-04-24 15:25:00,124.29,124.33,124.0501,124.32,47055.0
2020-04-24 15:20:00,124.17,124.43,124.11,124.31,82157.0
2020-04-24 15:15:00,124.22,124.265,123.96,124.2265,80175.0
2020-04-24 15:10:00,124.046,124.23,124.046,124.22,55529.0
2020-04-24 15:05:00,124.14,124.14,123.94,124.04,64780.0
2020-04-24 15:00:00,124.09,124.17,124.06,124.155,35324.0
2020-04-24 14:55:00,124.2579,124.39,124.07,124.085,52503.0
2020-04-24 14:50:00,124.05,124.25,124.03,124.2175,34897.0
2020-04-24 14:45:00,124.05,124.09,123.895,124.05,40131.0
2020-04-24 14:40:00,123.91,124.06,123.8101,124.05,45438.0
2020-04-24 14:35:00,123.78,124.04,123.75,123.94,53980.0
2020-04-24 14:30:00,123.595,123.81,123.455,123.795,56651.0
2020-04-24 14:25:00,123.73,123.788,123.445,123.5959,83276.0
2020-04-24 14:20:00,123.7,123.8942,123.61,123.7301,75780.0
2020-04-24 14:15:00,123.53,123.7762,123.5,123.7,83593.0
2020-04-24 14:10:00,123.36,123.66,123.29,123.53,95584.0
2020-04-24 14:05:00,123.01,123.39,122.89,123.37,89113.0
2020-04-24 14:00:00,122.73,123.05,122.67,123.0202,51967.0
2020-04-24 13:55:00,122.64,122.76,122.58,122.73,43685.0
2020-04-24 13:50:00,122.65,122.6607,122.54,122.64,27290.0
2020-04-24 13:45:00,122.51,122.72,122.51,122.655,45513.0
2020-04-24 13:40:00,122.28,122.57,122.28,122.5,26381.0
2020-04-24 13:35:00,122.38,122.39,122.27,122.295,17570.0
2020-04-24 13:30:00,122.29,122.39,122.22,122.37,20214.0
2020-04-24 13:25:00,122.06,122.29,121.99,122.285,28890.0
2020-04-24 13:20:00,122.085,122.09,121.94,122.085,26966.0
2020-04-24 13:15:00,122.28,122.28,122.11,122.11,13268.0
2020-04-24 13:10:00,122.1069,122.3,122.095,122.28,24750.0
2020-04-24 13:05:00,122.062,122.13,121.962,122.0824,17021.0
2020-04-24 13:00:00,122.05,122.16,122.01,122.085,20385.0
2020-04-24 12:55:00,121.94,122.17,121.94,122.04,51733.0
2020-04-24 12:50:00,121.85,122.0,121.85,121.96,28424.0
2020-04-24 12:45:00,121.84,121.98,121.8,121.87,23494.0
2020-04-24 12:40:00,121.65,121.9263,121.53,121.866,28405.0
2020-04-24 12:35:00,121.72,121.75,121.63,121.645,21799.0
2020-04-24 12:30:00,121.52,121.72,121.4838,121.72,23563.0
2020-04-24 12:25:00,121.7499,121.75,121.5,121.525,27290.0
2020-04-24 12:20:00,121.5752,121.8,121.5752,121.7302,29661.0
2020-04-24 12:15:00,121.66,121.67,121.53,121.56,24024.0
2020-04-24 12:10:00,121.365,121.72,121.29,121.7,22363.0
2020-04-24 12:05:00,121.29,121.46,121.13,121.34,27723.0
2020-04-24 12:00:00,121.36,121.48,121.285,121.285,15857.0
2020-04-24 11:55:00,121.56,121.59,121.35,121.41,29898.0
2020-04-24 11:50:00,121.47,121.6,121.395,121.59,19937.0
2020-04-24 11:45:00,121.35,121.52,121.2,121.51,49594.0
2020-04-24 11:40:00,121.02,121.44,120.95,121.4,26914.0
2020-04-24 11:35:00,120.99,121.115,120.82,120.97,32776.0
2020-04-24 11:30:00,121.23,121.25,120.99,120.99,21629.0
2020-04-24 11:25:00,121.05,121.25,120.99,121.25,27687.0
2020-04-24 11:20:00,120.9781,121.21,120.84,121.05,71502.0
2020-04-24 11:15:00,121.0,121.02,120.7634,120.9395,59867.0
2020-04-24 11:10:00,121.0,121.16,120.93,121.01,28693.0
2020-04-24 11:05:00,121.11,121.17,121.02,121.02,47825.0
2020-04-24 11:00:00,121.38,121.42,121.07,121.17,29397.0
2020-04-24 10:55:00,121.4709,121.49,121.36,121.38,29688.0
2020-04-24 10:50:00,121.25,121.53,121.23,121.44,60315.0
2020-04-24 10:45:00,121.3795,121.3795,121.14,121.275,22933.0
2020-04-24 10:40:00,121.1858,121.4,121.07,121.32,26878.0
2020-04-24 10:35:00,121.0671,121.275,120.88,121.17,37791.0
2020-04-24 10:30:00,121.125,121.2,120.78,121.0,27608.0
2020-04-24 10:25:00,121.32,121.35,121.08,121.13,31372.0
2020-04-24 10:20:00,121.1292,121.456,121.06,121.35,25787.0
2020-04-24 10:15:00,121.2,121.39,121.11,121.13,47944.0
2020-04-24 10:10:00,121.3,121.75,121.1241,121.2,42344.0
2020-04-24 10:05:00,121.59,121.69,121.17,121.28,44472.0
2020-04-24 10:00:00,121.92,121.92,121.49,121.64,37525.0
2020-04-24 09:55:00,122.3388,122.35,121.88,121.94,53444.0
2020-04-24 09:50:00,122.64,122.78,122.31,122.3499,37001.0
2020-04-24 09:45:00,122.72,122.7595,122.44,122.6525,43395.0
2020-04-24 09:40:00,122.8,122.83,122.36,122.73,43596.0
2020-04-24 09:35:00,122.61,122.83,122.0,122.81,146455.0
2020-04-23 16:00:00,121.71,121.74,121.38,121.38,257799.0
2020-04-23 15:55:00,121.86,122.02,121.5,121.6801,194049.0
2020-04-23 15:50:00,121.68,121.98,121.6,121.83,154595.0
2020-04-23 15:45:00,121.69,122.1,121.64,121.67,133741.0
2020-04-23 15:40:00,121.88,121.96,121.51,121.67,94386.0
2020-04-23 15:35:00,121.65,121.93,121.41,121.83,94687.0
2020-04-23 15:30:00,121.53,121.71,121.51,121.66,72170.0
2020-04-23 15:25:00,121.51,121.65,121.28,121.54,82761.0
2020-04-23 15:20:00,121.928,121.928,121.51,121.51,87590.0
2020-04-23 15:15:00,122.35,122.365,121.86,121.95,70953.0
2020-04-23 15:10:00,122.23,122.44,122.2,122.335,57027.0
2020-04-23 15:05:00,122.89,122.89,122.26,122.26,89971.0
2020-04-23 15:00:00,122.635,123.03,122.62,122.88,110206.0
2020-04-23 14:55:00,122.18,122.78,122.18,122.65,234171.0
2020-04-23 14:50:00,121.97,122.2881,121.86,122.1655,196567.0
2020-04-23 14:45:00,121.51,122.06,121.51,121.97,146585.0
2020-04-23 14:40:00,121.51,121.64,121.16,121.495,124583.0
2020-04-23 14:35:00,121.32,121.6,121.25,121.505,119200.0
2020-04-23 14:30:00,121.07,121.32,121.07,121.32,105635.0
2020-04-23 14:25:00,120.71,121.085,120.56,121.07,64935.0
2020-04-23 14:20:00,120.31,121.0,120.3,120.74,131081.0
2020-04-23 14:15:00,120.16,120.35,119.91,120.315,52575.0
2020-04-23 14:10:00,120.14,120.39,119.99,120.14,115260.0
2020-04-23 14:05:00,119.82,120.22,119.72,120.17,54143.0
2020-04-23 14:00:00,119.54,119.97,119.53,119.88,47077.0
2020-04-23 13:55:00,119.8,119.99,119.56,119.5607,94162.0
2020-04-23 13:50:00,119.7916,119.9716,119.73,119.8132,28520.0
2020-04-23 13:45:00,120.15,120.23,119.72,119.7788,46562.0
2020-04-23 13:40:00,120.41,120.51,120.11,120.13,21111.0
2020-04-23 13:35:00,120.0,120.39,119.91,120.3631,30974.0
2020-04-23 13:30:00,119.94,120.025,119.6696,119.97,22119.0
2020-04-23 13:25:00,120.31,120.36,119.89,119.96,36998.0
2020-04-23 13:20:00,120.61,120.64,120.3,120.3,28514.0
2020-04-23 13:15:00,120.05,120.66,120.05,120.66,34924.0
2020-04-23 13:10:00,120.46,120.51,119.9602,120.0663,31676.0
2020-04-23 13:05:00,119.99,120.58,119.92,120.53,33247.0
2020-04-23 13:00:00,119.79,120.16,119.67,120.0,42958.0
2020-04-23 12:55:00,120.02,120.03,119.21,119.79,94983.0
2020-04-23 12:50:00,120.43,120.67,119.12,120.02,130597.0
2020-04-23 12:45:00,121.32,121.33,120.21,120.41,70113.0
2020-04-23 12:40:00,121.34,121.38,121.22,121.315,21043.0
2020-04-23 12:35:00,121.345,121.4,121.325,121.37,29971.0
2020-04-23 12:30:00,121.36,121.41,121.33,121.345,29554.0
2020-04-23 12:25:00,121.1881,121.39,121.13,121.35,33788.0
2020-04-23 12:20:00,121.16,121.18,121.0833,121.16,45858.0
2020-04-23 12:15:00,121.165,121.18,121.09,121.16,22039.0
2020-04-23 12:10:00,121.16,121.23,121.135,121.18,22447.0
2020-04-23 12:05:00,121.23,121.34,121.1214,121.16,28622.0
2020-04-23 12:00:00,121.11,121.27,121.08,121.236,21866.0
2020-04-23 11:55:00,120.99,121.22,120.99,121.05,25489.0
2020-04-23 11:50:00,121.04,121.1253,120.97,121.02,26576.0
2020-04-23 11:45:00,120.95,121.1,120.91,121.05,40794.0
2020-04-23 11:40:00,120.8306,121.01,120.7,120.965,72960.0
2020-04-23 11:35:00,121.0144,121.06,120.7444,120.85,42305.0
2020-04-23 11:30:00,120.95,121.1444,120.89,121.0288,36187.0
2020-04-23 11:25:00,120.9399,120.96,120.8,120.92,22587.0
2020-04-23 11:20:00,120.68,120.96,120.68,120.92,31574.0
2020-04-23 11:15:00,120.66,120.76,120.52,120.65,31579.0
2020-04-23 11:10:00,120.72,120.86,120.57,120.66,37862.0
2020-04-23 11:05:00,121.01,121.04,120.62,120.72,56578.0
2020-04-23 11:00:00,120.8525,121.07,120.84,121.0,43016.0
2020-04-23 10:55:00,120.67,120.95,120.56,120.8194,31317.0
2020-04-23 10:50:00,120.7691,120.98,120.62,120.71,27307.0
2020-04-23 10:45:00,120.71,120.92,120.7,120.755,33774.0
2020-04-23 10:40:00,120.58,120.79,120.55,120.7,29642.0
2020-04-23 10:35:00,120.39,120.58,120.25,120.56,41146.0
2020-04-23 10:30:00,120.2877,120.48,120.1612,120.39,47061.0
2020-04-23 10:25:00,120.11,120.38,120.1,120.293,29245.0
2020-04-23 10:20:00,119.93,120.16,119.73,120.0937,24644.0
2020-04-23 10:15:00,119.84,120.06,119.73,119.94,35436.0
2020-04-23 10:10:00,119.63,120.1,119.63,119.83,35761.0
2020-04-23 10:05:00,119.74,119.91,119.27,119.6,47673.0
2020-04-23 10:00:00,119.81,119.87,119.45,119.79,55020.0
2020-04-23 09:55:00,120.42,120.42,119.77,119.82,40915.0
2020-04-23 09:50:00,120.905,121.19,120.4,120.455,47863.0
2020-04-23 09:45:00,120.79,120.98,120.735,120.905,58066.0
2020-04-23 09:40:00,120.27,120.88,120.13,120.8308,60007.0
2020-04-23 09:35:00,119.57,120.64,119.57,120.2,131755.0
2020-04-22 16:00:00,119.73,119.75,119.25,119.26,202011.0
2020-04-22 15:55:00,119.62,119.93,119.55,119.73,201458.0
2020-04-22 15:50:00,119.57,119.64,119.34,119.605,82818.0
2020-04-22 15:45:00,119.37,119.56,119.35,119.555,63463.0
2020-04-22 15:40:00,119.315,119.45,119.2521,119.38,52983.0
2020-04-22 15:35:00,119.36,119.58,119.28,119.31,49914.0
2020-04-22 15:30:00,119.44,119.51,119.31,119.38,42465.0
2020-04-22 15:25:00,119.58,119.65,119.43,119.44,44610.0
2020-04-22 15:20:00,119.59,119.6,119.45,119.5897,32963.0
2020-04-22 15:15:00,119.65,119.7393,119.59,119.6,33490.0
2020-04-22 15:10:00,119.75,119.75,119.5452,119.64,27919.0
2020-04-22 15:05:00,119.57,119.77,119.44,119.75,60264.0
2020-04-22 15:00:00,119.63,119.66,119.48,119.59,38007.0
2020-04-22 14:55:00,119.85,119.9599,119.64,119.64,71343.0
2020-04-22 14:50:00,119.54,119.89,119.475,119.85,38011.0
2020-04-22 14:45:00,119.45,119.62,119.423,119.58,43826.0
2020-04-22 14:40:00,119.51,119.595,119.36,119.455,36991.0
2020-04-22 14:35:00,119.27,119.595,119.26,119.52,33283.0
2020-04-22 14:30:00,119.44,119.49,119.26,119.26,28187.0
2020-04-22 14:25:00,119.23,119.58,119.23,119.4675,49445.0
2020-04-22 14:20:00,119.31,119.31,119.195,119.24,52353.0
2020-04-22 14:15:00,119.4788,119.4788,119.31,119.32,41859.0
2020-04-22 14:10:00,119.635,119.69,119.3668,119.46,37111.0
2020-04-22 14:05:00,119.71,119.7407,119.59,119.64,35365.0
2020-04-22 14:00:00,119.7,119.8,119.65,119.73,36179.0
2020-04-22 13:55:00,119.73,119.82,119.63,119.69,114490.0
2020-04-22 13:50:00,119.61,119.73,119.57,119.73,34147.0
2020-04-22 13:45:00,119.469,119.67,119.469,119.6,25750.0
2020-04-22 13:40:00,119.51,119.63,119.44,119.5,31245.0
2020-04-22 13:35:00,119.61,119.6402,119.465,119.515,24307.0
2020-04-22 13:30:00,119.44,119.62,119.385,119.62,49734.0
2020-04-22 13:25:00,119.39,119.45,119.29,119.43,36965.0
2020-04-22 13:20:00,119.18,119.4,119.1501,119.4,57031.0
2020-04-22 13:15:00,119.03,119.2,119.01,119.1575,26599.0
2020-04-22 13:10:00,119.01,119.1,118.93,119.0225,30007.0
2020-04-22 13:05:00,118.96,119.04,118.93,119.01,36483.0
2020-04-22 13:00:00,118.73,118.96,118.68,118.96,35364.0
2020-04-22 12:55:00,118.7744,118.86,118.72,118.72,58083.0
2020-04-22 12:50:00,118.685,118.86,118.685,118.81,64669.0
2020-04-22 12:45:00,118.56,118.79,118.55,118.7,31453.0
2020-04-22 12:40:00,118.66,118.7,118.51,118.55,83373.0
2020-04-22 12:35:00,118.58,118.74,118.55,118.66,36182.0
2020-04-22 12:30:00,118.47,118.59,118.34,118.5699,38330.0
2020-04-22 12:25:00,118.425,118.54,118.33,118.455,56451.0
2020-04-22 12:20:00,118.4,118.54,118.36,118.42,20987.0
2020-04-22 12:15:00,118.35,118.55,118.2875,118.4,59448.0
2020-04-22 12:10:00,118.52,118.53,118.28,118.33,30537.0
2020-04-22 12:05:00,118.48,118.6169,118.42,118.52,34340.0
2020-04-22 12:00:00,118.77,118.77,118.335,118.46,42273.0
2020-04-22 11:55:00,118.755,118.8262,118.7201,118.78,46854.0
2020-04-22 11:50:00,118.57,118.79,118.52,118.77,30808.0
2020-04-22 11:45:00,118.35,118.76,118.235,118.5579,28067.0
2020-04-22 11:40:00,118.11,118.39,118.04,118.34,42076.0
2020-04-22 11:35:00,118.075,118.32,118.075,118.17,25137.0
2020-04-22 11:30:00,118.25,118.33,118.01,118.11,27498.0
2020-04-22 11:25:00,117.91,118.2,117.875,118.19,32669.0
2020-04-22 11:20:00,117.97,118.09,117.88,117.9,35964.0
2020-04-22 11:15:00,118.1,118.21,117.97,117.98,38617.0
2020-04-22 11:10:00,117.88,118.14,117.8419,118.08,40823.0
2020-04-22 11:05:00,117.6996,117.8999,117.58,117.8999,32877.0
2020-04-22 11:00:00,117.66,117.78,117.55,117.73,48629.0
2020-04-22 10:55:00,118.05,118.2,117.6,117.645,48801.0
2020-04-22 10:50:00,118.27,118.41,117.94,118.06,43552.0
2020-04-22 10:45:00,118.53,118.68,118.22,118.29,37252.0
2020-04-22 10:40:00,118.43,118.78,118.42,118.54,38847.0
2020-04-22 10:35:00,118.39,118.636,118.36,118.4598,44872.0
2020-04-22 10:30:00,118.65,118.7,118.2,118.36,57691.0
2020-04-22 10:25:00,118.56,118.75,118.5,118.64,62894.0
2020-04-22 10:20:00,118.56,118.78,118.4105,118.5101,55916.0
2020-04-22 10:15:00,119.2,119.34,118.58,118.5999,48862.0
2020-04-22 10:10:00,119.36,119.56,119.06,119.2,73897.0
2020-04-22 10:05:00,118.82,119.37,118.59,119.37,153839.0
2020-04-22 10:00:00,118.56,118.95,118.48,118.8,68924.0
2020-04-22 09:55:00,118.5799,118.66,118.35,118.58,74330.0
2020-04-22 09:50:00,118.75,118.92,118.5,118.55,74271.0
2020-04-22 09:45:00,118.73,118.92,118.5,118.78,86587.0
2020-04-22 09:40:00,118.885,119.05,118.15,118.73,123544.0
2020-04-22 09:35:00,119.87,120.33,118.5,118.79,540889.0
2020-04-21 16:00:00,116.17,117.07,116.16,117.05,475891.0
2020-04-21 15:55:00,116.25,116.595,116.0,116.185,392586.0
2020-04-21 15:50:00,116.35,116.52,116.28,116.32,152904.0
2020-04-21 15:45:00,116.69,116.7477,116.3,116.36,138982.0
2020-04-21 15:40:00,116.6755,117.145,116.655,116.67,157838.0
2020-04-21 15:35:00,116.66,116.8,116.385,116.7,122082.0
2020-04-21 15:30:00,116.63,116.85,116.549,116.68,125716.0
2020-04-21 15:25:00,116.53,116.74,116.445,116.605,90581.0
2020-04-21 15:20:00,116.29,116.57,116.16,116.55,87759.0
2020-04-21 15:15:00,115.9,116.27,115.9,116.27,87032.0
2020-04-21 15:10:00,116.31,116.35,115.67,115.91,93962.0
2020-04-21 15:05:00,115.95,116.33,115.92,116.3,98135.0
2020-04-21 15:00:00,115.8,115.98,115.73,115.94,59245.0
2020-04-21 14:55:00,115.64,115.869,115.42,115.8,86777.0
2020-04-21 14:50:00,115.67,115.88,115.6101,115.66,106720.0
2020-04-21 14:45:00,115.71,115.88,115.46,115.725,134229.0
2020-04-21 14:40:00,116.077,116.23,115.6225,115.7,78505.0
2020-04-21 14:35:00,116.38,116.46,116.0,116.065,106725.0
2020-04-21 14:30:00,116.55,116.85,116.36,116.37,82738.0
2020-04-21 14:25:00,115.85,116.74,115.7136,116.58,85772.0
2020-04-21 14:20:00,116.09,116.23,115.75,115.83,45346.0
2020-04-21 14:15:00,115.94,116.32,115.89,116.12,56070.0
2020-04-21 14:10:00,115.54,116.29,115.43,116.04,58684.0
2020-04-21 14:05:00,115.85,115.89,115.25,115.5,102430.0
2020-04-21 14:00:00,115.67,115.93,115.57,115.86,75879.0
2020-04-21 13:55:00,115.9,115.9,115.44,115.635,108804.0
2020-04-21 13:50:00,115.84,116.07,115.712,115.91,182962.0
2020-04-21 13:45:00,115.88,115.96,115.67,115.8592,46316.0
2020-04-21 13:40:00,115.775,116.4,115.7335,115.88,120745.0
2020-04-21 13:35:00,115.77,116.02,115.7,115.79,114915.0
2020-04-21 13:30:00,115.72,115.8099,115.6,115.7813,80180.0
2020-04-21 13:25:00,115.86,116.0,115.74,115.74,67862.0
2020-04-21 13:20:00,115.64,116.0,115.5,115.85,72142.0
2020-04-21 13:15:00,115.66,115.69,115.18,115.625,95650.0
2020-04-21 13:10:00,116.015,116.42,115.62,115.655,164345.0
2020-04-21 13:05:00,115.56,116.12,115.51,116.015,122821.0
2020-04-21 13:00:00,115.46,115.61,115.2,115.54,82895.0
2020-04-21 12:55:00,115.0,115.49,114.97,115.45,147312.0
2020-04-21 12:50:00,114.81,115.04,114.65,114.9941,128066.0
2020-04-21 12:45:00,114.62,114.84,114.53,114.81,69966.0
2020-04-21 12:40:00,114.49,114.88,114.45,114.61,114048.0
2020-04-21 12:35:00,114.49,114.6299,114.2301,114.47,93764.0
2020-04-21 12:30:00,113.83,114.5481,113.8,114.49,159522.0
2020-04-21 12:25:00,113.5982,113.96,113.5982,113.81,134036.0
2020-04-21 12:20:00,113.2,113.745,113.2,113.64,146293.0
2020-04-21 12:15:00,113.3,113.45,113.1,113.2,96707.0
2020-04-21 12:10:00,112.89,113.3661,112.87,113.3,50228.0
2020-04-21 12:05:00,113.16,113.23,112.8501,112.87,73651.0
2020-04-21 12:00:00,113.17,113.64,113.0365,113.15,93133.0
2020-04-21 11:55:00,112.95,113.22,112.8062,113.17,77639.0
2020-04-21 11:50:00,112.77,113.05,112.7401,112.96,66844.0
2020-04-21 11:45:00,113.02,113.02,112.71,112.81,57908.0
2020-04-21 11:40:00,112.98,113.159,112.65,113.07,88657.0
2020-04-21 11:35:00,112.85,113.4841,112.84,113.0,77648.0
2020-04-21 11:30:00,113.19,113.48,112.73,112.855,87513.0
2020-04-21 11:25:00,113.44,113.6299,113.1,113.18,78608.0
2020-04-21 11:20:00,113.1,113.3899,112.87,113.08,78133.0
2020-04-21 11:15:00,113.11,113.44,112.9401,113.11,98290.0
2020-04-21 11:10:00,113.28,113.6499,113.03,113.1703,95733.0
2020-04-21 11:05:00,113.66,113.67,113.17,113.25,98506.0
2020-04-21 11:00:00,113.58,113.94,113.55,113.6536,106179.0
2020-04-21 10:55:00,113.77,114.06,113.53,113.56,118360.0
2020-04-21 10:50:00,114.26,114.6,113.675,113.75,98158.0
2020-04-21 10:45:00,114.33,114.3499,114.08,114.25,59173.0
2020-04-21 10:40:00,114.69,114.78,114.12,114.27,90547.0
2020-04-21 10:35:00,114.855,115.0099,114.52,114.67,82285.0
2020-04-21 10:30:00,115.09,115.39,114.53,114.86,116999.0
2020-04-21 10:25:00,114.38,115.16,114.22,115.12,141732.0
2020-04-21 10:20:00,114.44,114.6399,113.9,114.3899,225276.0
2020-04-21 10:15:00,114.92,115.49,114.34,114.4352,157480.0
2020-04-21 10:10:00,115.48,115.635,114.88,114.9454,191527.0
2020-04-21 10:05:00,115.12,115.67,114.722,115.48,263642.0
2020-04-21 10:00:00,114.59,115.2,114.4,115.07,325504.0
2020-04-21 09:55:00,114.35,115.24,113.89,114.59,365715.0
2020-04-21 09:50:00,113.63,114.76,113.38,114.2903,424739.0
2020-04-21 09:45:00,113.1064,113.8,112.9001,113.64,537340.0
2020-04-21 09:40:00,112.6,113.6,112.06,113.16,482526.0
2020-04-21 09:35:00,113.9,115.0,112.16,112.6447,1035244.0
2020-04-20 16:00:00,120.74,121.06,120.5,120.5,311859.0
2020-04-20 15:55:00,120.82,120.83,120.32,120.76,178549.0
2020-04-20 15:50:00,120.83,120.9,120.64,120.7901,122686.0
2020-04-20 15:45:00,120.69,120.9,120.6212,120.83,99540.0
2020-04-20 15:40:00,121.03,121.03,120.62,120.66,89987.0
2020-04-20 15:35:00,120.78,121.03,120.63,121.0293,74534.0
2020-04-20 15:30:00,120.66,120.82,120.4675,120.8,83637.0
2020-04-20 15:25:00,120.51,120.75,120.45,120.69,67926.0
2020-04-20 15:20:00,120.59,120.81,120.4601,120.53,66876.0
2020-04-20 15:15:00,120.69,120.83,120.47,120.63,54441.0
2020-04-20 15:10:00,120.58,120.82,120.37,120.6881,90808.0
2020-04-20 15:05:00,120.365,120.73,120.365,120.59,59385.0
2020-04-20 15:00:00,120.7101,120.72,120.29,120.34,73822.0
2020-04-20 14:55:00,121.36,121.36,120.73,120.73,70712.0
2020-04-20 14:50:00,121.31,121.48,121.2,121.37,46819.0
2020-04-20 14:45:00,121.38,121.45,121.22,121.285,64405.0
2020-04-20 14:40:00,121.36,121.4759,121.26,121.39,40545.0
2020-04-20 14:35:00,121.12,121.44,121.08,121.36,40010.0
2020-04-20 14:30:00,121.343,121.57,121.08,121.11,66150.0
2020-04-20 14:25:00,121.5783,121.65,121.31,121.3306,49087.0
2020-04-20 14:20:00,121.555,121.6901,121.43,121.58,47160.0
2020-04-20 14:15:00,122.0725,122.0725,121.5033,121.56,56495.0
2020-04-20 14:10:00,122.26,122.31,122.03,122.08,37071.0
2020-04-20 14:05:00,122.29,122.39,122.125,122.235,55905.0
2020-04-20 14:00:00,122.14,122.35,122.0,122.34,50120.0
2020-04-20 13:55:00,121.97,122.2,121.967,122.16,40675.0
2020-04-20 13:50:00,121.8,122.05,121.76,121.925,36851.0
2020-04-20 13:45:00,121.67,121.99,121.67,121.81,32651.0
2020-04-20 13:40:00,121.7,121.73,121.545,121.69,36034.0
2020-04-20 13:35:00,121.82,121.88,121.54,121.68,32368.0
2020-04-20 13:30:00,121.53,121.94,121.38,121.84,70520.0
2020-04-20 13:25:00,121.62,121.71,121.5373,121.54,31314.0
2020-04-20 13:20:00,121.7,122.02,121.5,121.64,61306.0
2020-04-20 13:15:00,121.78,122.08,121.63,121.68,99738.0
2020-04-20 13:10:00,122.04,122.16,121.78,121.78,74909.0
2020-04-20 13:05:00,122.14,122.15,121.8444,122.02,45198.0
2020-04-20 13:00:00,122.02,122.1528,121.8003,122.13,47014.0
2020-04-20 12:55:00,122.07,122.1199,121.93,122.03,31404.0
2020-04-20 12:50:00,122.1,122.14,121.77,122.06,59092.0
2020-04-20 12:45:00,122.58,122.6076,122.1,122.1,65284.0
2020-04-20 12:40:00,122.6403,122.7,122.53,122.58,49590.0
2020-04-20 12:35:00,122.49,122.655,122.49,122.635,45195.0
2020-04-20 12:30:00,122.67,122.8,122.46,122.4771,96966.0
2020-04-20 12:25:00,122.25,122.67,122.114,122.67,88182.0
2020-04-20 12:20:00,122.0801,122.41,122.02,122.22,41426.0
2020-04-20 12:15:00,122.43,122.48,122.11,122.11,49364.0
2020-04-20 12:10:00,122.4691,122.54,122.365,122.42,40975.0
2020-04-20 12:05:00,122.76,122.8635,122.44,122.47,75752.0
2020-04-20 12:00:00,122.78,122.8,122.38,122.75,49398.0
2020-04-20 11:55:00,122.7346,122.83,122.66,122.731,50833.0
2020-04-20 11:50:00,122.5,122.74,122.4,122.74,50787.0
2020-04-20 11:45:00,122.41,122.65,122.41,122.49,59041.0
2020-04-20 11:40:00,121.8,122.48,121.78,122.4478,65404.0
2020-04-20 11:35:00,121.73,121.87,121.58,121.78,38254.0
2020-04-20 11:30:00,121.8459,121.97,121.62,121.7682,50917.0
2020-04-20 11:25:00,121.59,121.96,121.59,121.8354,46515.0
2020-04-20 11:20:00,121.485,121.75,121.39,121.65,36990.0
2020-04-20 11:15:00,121.43,121.67,121.32,121.48,45267.0
2020-04-20 11:10:00,121.635,121.87,121.294,121.431,66684.0
2020-04-20 11:05:00,121.23,121.76,121.11,121.6293,72008.0
2020-04-20 11:00:00,121.27,121.72,121.25,121.27,65719.0
2020-04-20 10:55:00,120.74,121.285,120.73,121.24,77819.0
2020-04-20 10:50:00,120.44,120.88,120.41,120.75,51599.0
2020-04-20 10:45:00,120.15,120.4465,120.06,120.4331,43882.0
2020-04-20 10:40:00,119.9122,120.15,119.9,120.1,28662.0
2020-04-20 10:35:00,119.65,120.11,119.65,119.94,47471.0
2020-04-20 10:30:00,119.87,119.88,119.37,119.7,49606.0
2020-04-20 10:25:00,119.9,119.91,119.61,119.8004,33047.0
2020-04-20 10:20:00,120.135,120.14,119.83,119.94,47163.0
2020-04-20 10:15:00,119.66,120.23,119.65,120.125,74134.0
2020-04-20 10:10:00,119.48,119.79,119.39,119.7025,56631.0
2020-04-20 10:05:00,119.11,119.55,119.04,119.49,60091.0
2020-04-20 10:00:00,118.94,119.3299,118.85,119.16,85878.0
2020-04-20 09:55:00,118.58,118.97,118.5,118.88,52729.0
2020-04-20 09:50:00,118.74,118.95,118.5522,118.6088,47657.0
2020-04-20 09:45:00,118.78,119.19,118.66,118.695,59708.0
2020-04-20 09:40:00,118.395,118.78,118.35,118.7,67466.0
2020-04-20 09:35:00,119.11,119.34,118.14,118.44,174650.0
2020-04-17 16:00:00,120.19,120.3,119.95,120.11,288616.0
2020-04-17 15:55:00,119.85,120.275,119.85,120.18,213177.0
2020-04-17 15:50:00,119.5,119.86,119.43,119.83,95354.0
2020-04-17 15:45:00,119.38,119.515,119.34,119.5,159869.0
2020-04-17 15:40:00,119.47,119.52,119.33,119.38,86377.0
2020-04-17 15:35:00,119.595,119.63,119.44,119.465,67914.0
2020-04-17 15:30:00,119.44,119.61,119.415,119.57,55166.0
2020-04-17 15:25:00,119.46,119.49,119.34,119.4422,32362.0
2020-04-17 15:20:00,119.1,119.485,119.1,119.4826,29470.0
2020-04-17 15:15:00,119.31,119.335,119.04,119.07,45087.0
2020-04-17 15:10:00,119.23,119.3261,119.13,119.3,47809.0
2020-04-17 15:05:00,119.37,119.41,119.2087,119.22,34677.0
2020-04-17 15:00:00,119.3,119.47,119.27,119.36,45511.0
2020-04-17 14:55:00,119.22,119.32,119.18,119.3,41651.0
2020-04-17 14:50:00,119.16,119.26,119.09,119.225,18224.0
2020-04-17 14:45:00,118.98,119.21,118.9,119.1525,22218.0
2020-04-17 14:40:00,119.0,119.02,118.76,118.98,26589.0
2020-04-17 14:35:00,119.08,119.08,118.98,119.02,34141.0
2020-04-17 14:30:00,119.16,119.25,119.1,119.1,18082.0
2020-04-17 14:25:00,119.07,119.2,119.07,119.16,18809.0
2020-04-17 14:20:00,119.07,119.114,118.98,119.114,27035.0
2020-04-17 14:15:00,119.19,119.25,119.03,119.1,22964.0
2020-04-17 14:10:00,119.23,119.25,119.16,119.2,22661.0
2020-04-17 14:05:00,119.1875,119.25,119.13,119.22,24117.0
2020-04-17 14:00:00,118.91,119.19,118.91,119.185,18049.0
2020-04-17 13:55:00,118.96,118.97,118.85,118.91,25245.0
2020-04-17 13:50:00,119.2,119.2,118.93,118.93,29118.0
2020-04-17 13:45:00,119.34,119.379,119.19,119.22,23715.0
2020-04-17 13:40:00,119.2,119.38,119.2,119.3536,25636.0
2020-04-17 13:35:00,119.28,119.36,119.1636,119.21,35597.0
2020-04-17 13:30:00,119.31,119.46,119.24,119.26,25641.0
2020-04-17 13:25:00,119.585,119.61,119.21,119.33,18711.0
2020-04-17 13:20:00,119.315,119.62,119.315,119.6,30788.0
2020-04-17 13:15:00,119.47,119.48,119.31,119.3174,15477.0
2020-04-17 13:10:00,119.34,119.48,119.28,119.44,23845.0
2020-04-17 13:05:00,119.25,119.42,119.17,119.31,20152.0
2020-04-17 13:00:00,119.44,119.45,119.22,119.26,18943.0
2020-04-17 12:55:00,119.35,119.52,119.2787,119.41,36822.0
2020-04-17 12:50:00,119.164,119.38,119.08,119.36,24317.0
2020-04-17 12:45:00,119.1,119.267,119.08,119.17,26407.0
2020-04-17 12:40:00,118.96,119.18,118.94,119.1,20093.0
2020-04-17 12:35:00,118.87,118.99,118.83,118.97,16844.0
2020-04-17 12:30:00,119.0,119.01,118.77,118.87,29987.0
2020-04-17 12:25:00,119.075,119.095,118.9516,118.99,24203.0
2020-04-17 12:20:00,118.96,119.13,118.93,119.08,26978.0
2020-04-17 12:15:00,118.74,118.99,118.68,118.96,19112.0
2020-04-17 12:10:00,119.0,119.16,118.76,118.775,25409.0
2020-04-17 12:05:00,119.03,119.03,118.78,118.98,21894.0
2020-04-17 12:00:00,119.01,119.14,118.9,119.0,25078.0
2020-04-17 11:55:00,118.94,118.99,118.69,118.96,16977.0
2020-04-17 11:50:00,118.85,119.0168,118.83,118.95,25927.0
2020-04-17 11:45:00,119.2,119.28,118.82,118.82,25806.0
2020-04-17 11:40:00,119.11,119.25,119.0501,119.18,27126.0
2020-04-17 11:35:00,118.52,119.0963,118.49,119.06,29915.0
2020-04-17 11:30:00,118.66,118.76,118.445,118.54,24028.0
2020-04-17 11:25:00,118.76,118.88,118.57,118.695,19146.0
2020-04-17 11:20:00,119.08,119.17,118.53,118.75,49848.0
2020-04-17 11:15:00,119.21,119.31,119.01,119.105,23018.0
2020-04-17 11:10:00,118.96,119.33,118.88,119.227,27332.0
2020-04-17 11:05:00,118.715,119.14,118.62,118.99,31017.0
2020-04-17 11:00:00,118.65,118.86,118.65,118.715,18347.0
2020-04-17 10:55:00,118.13,118.65,117.92,118.65,63933.0
2020-04-17 10:50:00,118.64,118.64,118.11,118.13,34630.0
2020-04-17 10:45:00,118.44,118.765,118.425,118.6027,35637.0
2020-04-17 10:40:00,118.0797,118.49,118.01,118.43,46167.0
2020-04-17 10:35:00,118.535,118.54,118.1,118.11,55453.0
2020-04-17 10:30:00,118.68,118.8865,118.55,118.55,36081.0
2020-04-17 10:25:00,118.705,118.91,118.51,118.7,27292.0
2020-04-17 10:20:00,119.16,119.289,118.6,118.74,72930.0
2020-04-17 10:15:00,119.99,120.04,119.05,119.1221,52571.0
2020-04-17 10:10:00,120.0286,120.18,119.86,119.93,48033.0
2020-04-17 10:05:00,119.96,120.16,119.795,120.0,44032.0
2020-04-17 10:00:00,119.65,120.16,119.58,119.98,56967.0
2020-04-17 09:55:00,119.4602,119.77,119.12,119.59,83536.0
2020-04-17 09:50:00,119.76,119.94,119.5,119.5,73523.0
2020-04-17 09:45:00,120.33,120.34,119.75,119.77,68021.0
2020-04-17 09:40:00,119.72,120.39,119.6927,120.34,91733.0
2020-04-17 09:35:00,119.3,119.97,119.0702,119.76,321630.0
2020-04-16 16:00:00,115.81,115.98,115.63,115.64,276307.0
2020-04-16 15:55:00,115.52,116.0,115.52,115.835,198534.0
2020-04-16 15:50:00,115.62,115.645,115.37,115.495,73326.0
2020-04-16 15:45:00,115.53,115.7925,115.44,115.575,65339.0
2020-04-16 15:40:00,115.76,115.81,115.46,115.52,68263.0
2020-04-16 15:35:00,115.75,115.88,115.67,115.74,65780.0
2020-04-16 15:30:00,115.53,115.76,115.41,115.725,51626.0
2020-04-16 15:25:00,115.25,115.53,115.215,115.5,50129.0
2020-04-16 15:20:00,115.29,115.5,115.12,115.27,38934.0
2020-04-16 15:15:00,115.19,115.38,115.17,115.3,35618.0
2020-04-16 15:10:00,115.335,115.39,115.1085,115.19,40725.0
2020-04-16 15:05:00,115.41,115.52,115.275,115.35,38956.0
2020-04-16 15:00:00,115.34,115.54,115.3,115.41,33290.0
2020-04-16 14:55:00,115.35,115.41,115.14,115.33,39893.0
2020-04-16 14:50:00,115.69,115.745,115.33,115.3384,34401.0
2020-04-16 14:45:00,115.74,115.79,115.48,115.7,44063.0
2020-04-16 14:40:00,115.41,115.84,115.3998,115.73,46203.0
2020-04-16 14:35:00,115.275,115.44,115.17,115.37,54754.0
2020-04-16 14:30:00,115.12,115.41,115.03,115.25,50085.0
2020-04-16 14:25:00,115.3,115.33,115.1,115.15,35182.0
2020-04-16 14:20:00,115.47,115.525,115.26,115.33,43857.0
2020-04-16 14:15:00,115.47,115.51,115.32,115.4736,33382.0
2020-04-16 14:10:00,115.26,115.5,115.13,115.46,37505.0
2020-04-16 14:05:00,115.2,115.34,115.01,115.24,38460.0
2020-04-16 14:00:00,115.04,115.36,115.02,115.2,35551.0
2020-04-16 13:55:00,115.3,115.37,115.0,115.05,38345.0
2020-04-16 13:50:00,115.56,115.63,115.29,115.33,22624.0
2020-04-16 13:45:00,115.325,115.6,115.31,115.57,25046.0
2020-04-16 13:40:00,115.5,115.63,115.3101,115.34,33063.0
2020-04-16 13:35:00,115.5,115.55,115.4,115.4887,55864.0
2020-04-16 13:30:00,115.43,115.57,115.38,115.51,66061.0
2020-04-16 13:25:00,115.435,115.5487,115.3,115.4,19773.0
2020-04-16 13:20:00,115.5,115.58,115.2,115.4444,16869.0
2020-04-16 13:15:00,115.29,115.5437,115.24,115.52,20694.0
2020-04-16 13:10:00,115.425,115.67,115.27,115.27,42772.0
2020-04-16 13:05:00,115.38,115.49,115.34,115.415,30964.0
2020-04-16 13:00:00,115.02,115.45,114.97,115.38,29826.0
2020-04-16 12:55:00,115.16,115.26,115.04,115.07,21672.0
2020-04-16 12:50:00,115.16,115.32,114.92,115.15,39066.0
2020-04-16 12:45:00,114.98,115.26,114.9,115.1333,30207.0
2020-04-16 12:40:00,114.65,115.03,114.42,115.005,89122.0
2020-04-16 12:35:00,115.24,115.24,114.54,114.6696,51431.0
2020-04-16 12:30:00,114.86,115.34,114.86,115.22,33462.0
2020-04-16 12:25:00,115.13,115.145,114.76,114.8309,112880.0
2020-04-16 12:20:00,115.515,115.57,115.1,115.136,60975.0
2020-04-16 12:15:00,115.59,115.6357,115.5,115.51,49432.0
2020-04-16 12:10:00,115.9,115.9132,115.59,115.6,87262.0
2020-04-16 12:05:00,116.17,116.23,115.815,115.9,57862.0
2020-04-16 12:00:00,116.26,116.42,116.2,116.2,50978.0
2020-04-16 11:55:00,115.9,116.32,115.8,116.27,66031.0
2020-04-16 11:50:00,115.98,116.05,115.77,115.86,43069.0
2020-04-16 11:45:00,116.01,116.2,115.92,115.95,76160.0
2020-04-16 11:40:00,115.89,116.02,115.82,116.01,60763.0
2020-04-16 11:35:00,116.29,116.38,116.04,116.04,30401.0
2020-04-16 11:30:00,115.96,116.47,115.85,116.31,52951.0
2020-04-16 11:25:00,116.06,116.17,115.81,115.97,76699.0
2020-04-16 11:20:00,116.08,116.16,115.8,116.06,66917.0
2020-04-16 11:15:00,116.0148,116.17,115.94,116.11,65957.0
2020-04-16 11:10:00,116.0,116.21,115.95,115.98,99152.0
2020-04-16 11:05:00,115.99,116.13,115.8826,115.97,66771.0
2020-04-16 11:00:00,116.0,116.21,115.89,115.92,55063.0
2020-04-16 10:55:00,116.1101,116.19,115.9,115.97,54173.0
2020-04-16 10:50:00,116.105,116.28,115.91,116.07,54671.0
2020-04-16 10:45:00,115.7782,116.32,115.62,116.07,41907.0
2020-04-16 10:40:00,116.33,116.35,115.69,115.78,80605.0
2020-04-16 10:35:00,116.5,116.62,116.13,116.32,99550.0
2020-04-16 10:30:00,116.32,116.56,116.19,116.52,45655.0
2020-04-16 10:25:00,116.06,116.37,116.01,116.34,57200.0
2020-04-16 10:20:00,116.18,116.47,116.08,116.12,68732.0
2020-04-16 10:15:00,116.58,116.58,116.17,116.22,74012.0
2020-04-16 10:10:00,116.895,117.22,116.54,116.5789,69714.0
2020-04-16 10:05:00,117.36,117.54,116.79,116.93,56068.0
2020-04-16 10:00:00,117.87,117.99,117.36,117.37,42232.0
2020-04-16 09:55:00,118.0792,118.2,117.84,117.8674,51572.0
2020-04-16 09:50:00,118.26,118.34,117.91,118.14,68385.0
2020-04-16 09:45:00,118.1,118.31,117.95,118.24,39412.0
2020-04-16 09:40:00,119.02,119.02,117.82,118.1,71699.0
2020-04-16 09:35:00,119.01,119.655,119.01,119.19,118856.0
2020-04-15 16:00:00,118.29,118.76,118.29,118.7,197421.0
2020-04-15 15:55:00,118.645,118.79,118.245,118.3,112873.0
2020-04-15 15:50:00,118.72,118.92,118.72,118.75,61443.0
2020-04-15 15:45:00,118.75,118.78,118.5,118.73,62907.0
2020-04-15 15:40:00,118.65,118.81,118.6,118.75,44269.0
2020-04-15 15:35:00,118.71,118.78,118.5,118.63,71615.0
2020-04-15 15:30:00,118.79,118.84,118.58,118.73,39159.0
2020-04-15 15:25:00,118.89,118.96,118.755,118.83,37088.0
2020-04-15 15:20:00,118.8,119.0,118.72,118.93,66548.0
2020-04-15 15:15:00,118.99,119.02,118.7701,118.8,48672.0
2020-04-15 15:10:00,119.44,119.46,118.96,119.01,36164.0
2020-04-15 15:05:00,119.66,119.7,119.3979,119.45,40859.0
2020-04-15 15:00:00,119.28,119.67,119.28,119.65,30026.0
2020-04-15 14:55:00,119.61,119.61,119.2598,119.265,32637.0
2020-04-15 14:50:00,119.62,119.69,119.472,119.61,30083.0
2020-04-15 14:45:00,119.71,119.72,119.51,119.6021,42449.0
2020-04-15 14:40:00,119.65,119.77,119.56,119.72,20131.0
2020-04-15 14:35:00,119.62,119.73,119.4855,119.69,75559.0
2020-04-15 14:30:00,119.5,119.64,119.41,119.6,54363.0
2020-04-15 14:25:00,119.4842,119.62,119.455,119.474,45188.0
2020-04-15 14:20:00,119.14,119.53,119.12,119.47,73305.0
2020-04-15 14:15:00,118.8833,119.19,118.8425,119.17,53867.0
2020-04-15 14:10:00,118.72,118.955,118.72,118.885,49776.0
2020-04-15 14:05:00,118.44,118.81,118.44,118.71,34085.0
2020-04-15 14:00:00,118.4,118.56,118.35,118.41,28545.0
2020-04-15 13:55:00,118.57,118.68,118.34,118.38,27117.0
2020-04-15 13:50:00,118.44,118.6505,118.32,118.57,29340.0
2020-04-15 13:45:00,118.17,118.47,118.17,118.42,33452.0
2020-04-15 13:40:00,118.3344,118.49,118.17,118.18,36549.0
2020-04-15 13:35:00,118.45,118.45,118.285,118.34,18722.0
2020-04-15 13:30:00,118.64,118.64,118.33,118.46,28105.0
2020-04-15 13:25:00,118.77,118.77,118.5253,118.64,45394.0
2020-04-15 13:20:00,118.65,118.87,118.52,118.7712,33273.0
2020-04-15 13:15:00,118.18,118.62,118.18,118.61,34871.0
2020-04-15 13:10:00,118.06,118.29,117.945,118.2,33636.0
2020-04-15 13:05:00,117.81,118.0705,117.76,118.05,60549.0
2020-04-15 13:00:00,117.94,117.96,117.795,117.83,60593.0
2020-04-15 12:55:00,117.92,118.1,117.8801,117.96,34319.0
2020-04-15 12:50:00,117.99,118.05,117.8182,117.92,39372.0
2020-04-15 12:45:00,117.6,117.9999,117.55,117.98,35741.0
2020-04-15 12:40:00,117.79,117.877,117.56,117.6,27278.0
2020-04-15 12:35:00,117.75,117.88,117.63,117.7899,36167.0
2020-04-15 12:30:00,117.41,117.78,117.315,117.76,26909.0
2020-04-15 12:25:00,117.11,117.51,117.11,117.45,56511.0
2020-04-15 12:20:00,117.11,117.18,117.0,117.09,31289.0
2020-04-15 12:15:00,117.0,117.11,116.76,117.1,46556.0
2020-04-15 12:10:00,117.22,117.22,116.985,116.9987,47103.0
2020-04-15 12:05:00,117.25,117.285,117.06,117.2202,35353.0
2020-04-15 12:00:00,117.25,117.55,117.25,117.26,25284.0
2020-04-15 11:55:00,117.19,117.4,117.1807,117.245,30729.0
2020-04-15 11:50:00,117.08,117.3872,117.03,117.19,33500.0
2020-04-15 11:45:00,117.34,117.39,117.0,117.107,50062.0
2020-04-15 11:40:00,117.62,117.64,117.3,117.37,55843.0
2020-04-15 11:35:00,117.36,117.855,117.33,117.67,66436.0
2020-04-15 11:30:00,116.975,117.4052,116.91,117.38,40075.0
2020-04-15 11:25:00,117.14,117.15,116.93,116.98,55960.0
2020-04-15 11:20:00,117.305,117.3924,116.92,117.17,63863.0
2020-04-15 11:15:00,117.3,117.53,117.23,117.32,44181.0
2020-04-15 11:10:00,117.59,117.59,117.205,117.29,52139.0
2020-04-15 11:05:00,118.11,118.1459,117.55,117.63,69117.0
2020-04-15 11:00:00,118.17,118.38,118.08,118.12,40312.0
2020-04-15 10:55:00,118.35,118.41,118.03,118.17,57226.0
2020-04-15 10:50:00,118.235,118.44,118.235,118.44,46932.0
2020-04-15 10:45:00,117.95,118.38,117.94,118.17,64864.0
2020-04-15 10:40:00,117.77,118.1,117.7,117.95,61741.0
2020-04-15 10:35:00,117.915,117.99,117.7,117.8,52739.0
2020-04-15 10:30:00,117.88,118.055,117.6,117.92,75486.0
2020-04-15 10:25:00,118.1237,118.33,117.79,117.8994,71672.0
2020-04-15 10:20:00,118.61,118.75,118.12,118.125,52084.0
2020-04-15 10:15:00,118.9838,119.21,118.52,118.6291,35070.0
2020-04-15 10:10:00,118.89,119.24,118.84,119.0603,46013.0
2020-04-15 10:05:00,119.4475,119.45,118.8313,118.93,66740.0
2020-04-15 10:00:00,118.835,119.69,118.78,119.45,67600.0
2020-04-15 09:55:00,119.34,119.44,118.71,118.845,81867.0
2020-04-15 09:50:00,119.38,119.5,119.09,119.35,39572.0
2020-04-15 09:45:00,119.7,119.78,119.21,119.36,47101.0
2020-04-15 09:40:00,119.89,119.98,119.5,119.7,49521.0
2020-04-15 09:35:00,119.46,120.1852,119.3022,119.8191,208402.0
2020-04-14 16:00:00,123.94,124.07,123.71,123.83,186561.0
2020-04-14 15:55:00,124.14,124.19,123.64,123.94,122775.0
2020-04-14 15:50:00,123.84,124.11,123.78,124.06,62753.0
2020-04-14 15:45:00,123.92,124.055,123.77,123.835,69376.0
2020-04-14 15:40:00,123.83,123.93,123.76,123.92,40713.0
2020-04-14 15:35:00,123.88,123.98,123.83,123.85,41055.0
2020-04-14 15:30:00,123.76,123.87,123.71,123.86,48342.0
2020-04-14 15:25:00,123.76,123.78,123.59,123.71,25403.0
2020-04-14 15:20:00,123.71,123.91,123.52,123.82,30820.0
2020-04-14 15:15:00,123.715,123.79,123.575,123.76,24625.0
2020-04-14 15:10:00,123.77,123.79,123.57,123.7,20241.0
2020-04-14 15:05:00,124.04,124.05,123.77,123.79,17090.0
2020-04-14 15:00:00,124.01,124.24,124.01,124.08,39470.0
2020-04-14 14:55:00,124.0,124.2,123.99,124.02,29013.0
2020-04-14 14:50:00,123.87,124.05,123.87,123.99,27307.0
2020-04-14 14:45:00,124.04,124.13,123.84,123.88,30737.0
2020-04-14 14:40:00,123.92,124.07,123.9014,124.02,23212.0
2020-04-14 14:35:00,124.0,124.03,123.83,123.932,22462.0
2020-04-14 14:30:00,124.16,124.18,123.91,123.95,14020.0
2020-04-14 14:25:00,124.18,124.2561,124.09,124.1947,20530.0
2020-04-14 14:20:00,123.844,124.2,123.82,124.2,39253.0
2020-04-14 14:15:00,123.755,123.88,123.706,123.87,18656.0
2020-04-14 14:10:00,123.675,123.83,123.5701,123.74,34573.0
2020-04-14 14:05:00,123.83,123.85,123.664,123.675,13892.0
2020-04-14 14:00:00,123.78,123.97,123.77,123.86,20236.0
2020-04-14 13:55:00,123.63,123.92,123.57,123.77,30184.0
2020-04-14 13:50:00,123.5082,123.7,123.5,123.6269,32290.0
2020-04-14 13:45:00,123.3,123.64,123.3,123.51,40927.0
2020-04-14 13:40:00,123.4,123.43,123.16,123.28,36596.0
2020-04-14 13:35:00,123.075,123.43,123.075,123.4,61392.0
2020-04-14 13:30:00,123.03,123.1483,123.0,123.06,27363.0
2020-04-14 13:25:00,122.88,123.12,122.85,123.045,31392.0
2020-04-14 13:20:00,122.83,122.95,122.74,122.895,42947.0
2020-04-14 13:15:00,123.05,123.08,122.81,122.81,26716.0
2020-04-14 13:10:00,123.035,123.16,123.0201,123.075,19906.0
2020-04-14 13:05:00,123.37,123.38,123.04,123.055,32397.0
2020-04-14 13:00:00,123.64,123.69,123.37,123.37,18021.0
2020-04-14 12:55:00,123.42,123.67,123.395,123.625,18912.0
2020-04-14 12:50:00,123.43,123.6,123.35,123.406,47208.0
2020-04-14 12:45:00,123.43,123.68,123.37,123.43,30305.0
2020-04-14 12:40:00,123.45,123.74,123.42,123.43,31618.0
2020-04-14 12:35:00,123.57,123.665,123.44,123.44,54802.0
2020-04-14 12:30:00,123.622,123.69,123.48,123.56,52522.0
2020-04-14 12:25:00,123.72,123.79,123.52,123.62,43821.0
2020-04-14 12:20:00,123.31,123.84,123.31,123.695,45219.0
2020-04-14 12:15:00,123.46,123.5,123.31,123.34,21876.0
2020-04-14 12:10:00,123.62,123.62,123.35,123.46,25125.0
2020-04-14 12:05:00,123.04,123.64,123.04,123.58,31722.0
2020-04-14 12:00:00,123.27,123.29,122.95,123.01,22752.0
2020-04-14 11:55:00,123.15,123.32,123.03,123.24,27387.0
2020-04-14 11:50:00,123.4,123.5392,123.06,123.14,46688.0
2020-04-14 11:45:00,123.37,123.52,123.34,123.52,9417.0
2020-04-14 11:40:00,123.4,123.47,123.1,123.46,48105.0
2020-04-14 11:35:00,123.37,123.6,123.33,123.4001,57992.0
2020-04-14 11:30:00,123.65,123.8,123.33,123.345,34133.0
2020-04-14 11:25:00,123.11,123.62,123.033,123.62,24310.0
2020-04-14 11:20:00,122.97,123.32,122.85,123.12,53326.0
2020-04-14 11:15:00,123.17,123.17,122.62,122.964,28326.0
2020-04-14 11:10:00,123.14,123.15,122.93,123.06,45747.0
2020-04-14 11:05:00,123.68,123.85,123.1018,123.15,46013.0
2020-04-14 11:00:00,124.04,124.17,123.64,123.71,59969.0
2020-04-14 10:55:00,124.3196,124.42,124.0,124.04,87532.0
2020-04-14 10:50:00,124.54,124.77,124.14,124.3407,41654.0
2020-04-14 10:45:00,124.4,124.51,124.12,124.51,42969.0
2020-04-14 10:40:00,124.35,124.52,124.2421,124.3793,38019.0
2020-04-14 10:35:00,125.09,125.11,124.41,124.41,41646.0
2020-04-14 10:30:00,125.02,125.16,124.92,125.06,60568.0
2020-04-14 10:25:00,124.98,125.18,124.892,125.04,113033.0
2020-04-14 10:20:00,124.35,124.99,124.28,124.977,48105.0
2020-04-14 10:15:00,124.405,124.69,124.23,124.29,37610.0
2020-04-14 10:10:00,124.3,124.47,124.05,124.4161,47245.0
2020-04-14 10:05:00,124.58,124.61,124.06,124.35,34039.0
2020-04-14 10:00:00,124.54,124.7,124.23,124.56,61363.0
2020-04-14 09:55:00,124.23,124.565,124.03,124.48,50659.0
2020-04-14 09:50:00,124.23,124.2759,124.01,124.21,50807.0
2020-04-14 09:45:00,124.245,124.305,124.0,124.2413,55268.0
2020-04-14 09:40:00,124.47,124.69,124.1301,124.24,59675.0
2020-04-14 09:35:00,123.68,124.51,123.31,124.48,218170.0
2020-04-13 16:00:00,120.81,121.58,120.76,121.19,350905.0
2020-04-13 15:55:00,121.36,121.36,120.52,120.815,213718.0
2020-04-13 15:50:00,120.915,121.36,120.76,121.36,119983.0
2020-04-13 15:45:00,120.53,120.89,120.39,120.89,82807.0
2020-04-13 15:40:00,120.41,120.56,120.24,120.54,61622.0
2020-04-13 15:35:00,120.08,120.44,119.94,120.43,54126.0
2020-04-13 15:30:00,119.88,120.11,119.7,120.07,55832.0
2020-04-13 15:25:00,120.15,120.25,119.79,119.885,40201.0
2020-04-13 15:20:00,119.52,120.14,119.4,120.13,55556.0
2020-04-13 15:15:00,119.57,119.71,119.46,119.5244,31886.0
2020-04-13 15:10:00,119.3,119.735,119.3,119.56,53677.0
2020-04-13 15:05:00,119.87,119.9,119.2,119.3,50499.0
2020-04-13 15:00:00,119.611,119.8603,119.55,119.85,28412.0
2020-04-13 14:55:00,119.66,119.66,119.4,119.61,28887.0
2020-04-13 14:50:00,119.2475,119.76,119.225,119.644,38817.0
2020-04-13 14:45:00,119.25,119.32,119.14,119.25,44496.0
2020-04-13 14:40:00,119.34,119.37,119.15,119.23,38138.0
2020-04-13 14:35:00,119.175,119.48,119.16,119.37,30875.0
2020-04-13 14:30:00,119.35,119.4,119.085,119.18,23675.0
2020-04-13 14:25:00,119.53,119.53,119.21,119.355,24839.0
2020-04-13 14:20:00,119.26,119.52,119.22,119.52,28282.0
2020-04-13 14:15:00,119.83,119.855,119.23,119.24,30388.0
2020-04-13 14:10:00,119.975,120.15,119.83,119.85,34256.0
2020-04-13 14:05:00,119.94,120.065,119.83,119.9958,22387.0
2020-04-13 14:00:00,119.98,120.12,119.89,119.935,21502.0
2020-04-13 13:55:00,119.6299,119.98,119.62,119.97,28183.0
2020-04-13 13:50:00,119.91,119.99,119.6,119.6,20389.0
2020-04-13 13:45:00,119.7456,120.03,119.7093,119.9,32610.0
2020-04-13 13:40:00,119.65,119.84,119.565,119.78,24756.0
2020-04-13 13:35:00,119.175,119.67,119.16,119.66,31529.0
2020-04-13 13:30:00,119.13,119.27,119.01,119.2,21802.0
2020-04-13 13:25:00,119.26,119.2949,119.0629,119.13,24995.0
2020-04-13 13:20:00,119.1715,119.26,119.04,119.26,22188.0
2020-04-13 13:15:00,119.54,119.54,119.08,119.195,26207.0
2020-04-13 13:10:00,119.38,119.5,119.31,119.49,28669.0
2020-04-13 13:05:00,119.4,119.45,119.31,119.39,25817.0
2020-04-13 13:00:00,119.45,119.51,119.3901,119.47,41990.0
2020-04-13 12:55:00,119.735,119.735,119.46,119.485,42369.0
2020-04-13 12:50:00,119.69,119.885,119.63,119.8,23293.0
2020-04-13 12:45:00,119.6,119.83,119.5955,119.69,26975.0
2020-04-13 12:40:00,119.74,119.84,119.56,119.6052,15420.0
2020-04-13 12:35:00,120.0,120.02,119.69,119.75,46247.0
2020-04-13 12:30:00,120.19,120.34,120.01,120.035,22751.0
2020-04-13 12:25:00,120.26,120.27,120.0,120.17,40988.0
2020-04-13 12:20:00,120.12,120.45,119.97,120.235,27829.0
2020-04-13 12:15:00,119.805,120.1,119.7193,120.1,27772.0
2020-04-13 12:10:00,120.03,120.09,119.73,119.8154,25033.0
2020-04-13 12:05:00,119.585,120.05,119.51,120.0445,28300.0
2020-04-13 12:00:00,119.645,120.0,119.56,119.56,36399.0
2020-04-13 11:55:00,119.65,119.69,119.5148,119.69,27744.0
2020-04-13 11:50:00,119.17,119.62,119.129,119.591,31597.0
2020-04-13 11:45:00,119.2962,119.36,118.92,119.13,30367.0
2020-04-13 11:40:00,119.305,119.51,119.2267,119.25,35970.0
2020-04-13 11:35:00,119.43,119.49,119.15,119.325,44824.0
2020-04-13 11:30:00,119.03,119.55,118.999,119.45,39128.0
2020-04-13 11:25:00,118.66,119.05,118.5,119.04,33726.0
2020-04-13 11:20:00,118.3484,118.79,118.3484,118.66,32635.0
2020-04-13 11:15:00,118.48,118.6496,118.3,118.36,72451.0
2020-04-13 11:10:00,118.63,118.7,118.3,118.438,80065.0
2020-04-13 11:05:00,118.44,118.755,118.4,118.65,73289.0
2020-04-13 11:00:00,118.23,118.55,118.22,118.49,30960.0
2020-04-13 10:55:00,118.4,118.49,118.1,118.25,51202.0
2020-04-13 10:50:00,118.15,118.73,118.15,118.44,64090.0
2020-04-13 10:45:00,118.21,118.26,118.07,118.15,57658.0
2020-04-13 10:40:00,118.59,118.59,118.15,118.19,53159.0
2020-04-13 10:35:00,118.36,118.75,118.23,118.59,56948.0
2020-04-13 10:30:00,118.05,118.42,118.04,118.37,35827.0
2020-04-13 10:25:00,118.29,118.45,118.06,118.1022,48740.0
2020-04-13 10:20:00,118.765,118.765,118.21,118.26,46295.0
2020-04-13 10:15:00,119.13,119.21,118.61,118.76,43181.0
2020-04-13 10:10:00,119.095,119.3295,118.97,119.1,24187.0
2020-04-13 10:05:00,118.86,119.19,118.66,118.985,28828.0
2020-04-13 10:00:00,119.17,119.54,118.78,118.81,48189.0
2020-04-13 09:55:00,118.83,119.25,118.81,119.0796,31118.0
2020-04-13 09:50:00,119.64,119.75,118.72,118.84,93347.0
2020-04-13 09:45:00,120.47,120.52,119.63,119.63,50166.0
2020-04-13 09:40:00,119.98,120.77,119.42,120.43,72246.0
2020-04-13 09:35:00,121.63,121.8,119.82,120.0999,220683.0
2020-04-09 16:00:00,122.14,122.21,121.43,121.52,269094.0
2020-04-09 15:55:00,121.44,122.23,121.2879,122.135,226196.0
2020-04-09 15:50:00,122.2,122.38,121.5,121.7,107933.0
2020-04-09 15:45:00,121.97,122.4,121.87,122.2,109584.0
2020-04-09 15:40:00,122.08,122.1,121.5694,121.95,59090.0
2020-04-09 15:35:00,121.71,122.08,121.71,122.07,43743.0
2020-04-09 15:30:00,121.19,121.66,121.08,121.66,31991.0
2020-04-09 15:25:00,121.31,121.33,121.02,121.181,31329.0
2020-04-09 15:20:00,121.45,121.54,121.16,121.2407,34323.0
2020-04-09 15:15:00,121.26,121.46,121.02,121.44,32162.0
2020-04-09 15:10:00,120.71,121.28,120.64,121.28,32544.0
2020-04-09 15:05:00,120.79,120.85,120.49,120.685,34132.0
2020-04-09 15:00:00,120.81,120.94,120.43,120.74,59035.0
2020-04-09 14:55:00,121.36,121.4331,120.73,120.74,47934.0
2020-04-09 14:50:00,121.97,122.2,121.269,121.28,44092.0
2020-04-09 14:45:00,122.13,122.2,121.79,121.95,45794.0
2020-04-09 14:40:00,121.965,122.21,121.82,122.09,42987.0
2020-04-09 14:35:00,121.85,122.47,121.78,121.97,36586.0
2020-04-09 14:30:00,122.1,122.28,121.82,121.87,31100.0
2020-04-09 14:25:00,122.11,122.2183,121.93,122.109,91998.0
2020-04-09 14:20:00,122.36,122.44,122.06,122.145,40269.0
2020-04-09 14:15:00,122.26,122.63,122.26,122.43,36406.0
2020-04-09 14:10:00,122.1763,122.45,122.06,122.28,42502.0
2020-04-09 14:05:00,122.265,122.49,122.13,122.18,52113.0
2020-04-09 14:00:00,121.9,122.4,121.82,122.3,41581.0
2020-04-09 13:55:00,122.07,122.2,121.88,121.89,58010.0
2020-04-09 13:50:00,122.5,122.5,122.02,122.02,34304.0
2020-04-09 13:45:00,122.43,122.59,122.32,122.46,26203.0
2020-04-09 13:40:00,122.864,122.92,122.3981,122.43,110113.0
2020-04-09 13:35:00,122.355,122.915,122.35,122.85,103068.0
2020-04-09 13:30:00,122.29,122.31,122.11,122.29,39045.0
2020-04-09 13:25:00,122.23,122.37,122.16,122.28,29944.0
2020-04-09 13:20:00,122.2,122.26,121.8807,122.22,40281.0
2020-04-09 13:15:00,122.29,122.3,121.93,122.18,21291.0
2020-04-09 13:10:00,122.1,122.365,122.1,122.3025,60399.0
2020-04-09 13:05:00,122.16,122.29,121.94,122.1069,49910.0
2020-04-09 13:00:00,122.08,122.51,121.95,122.15,47550.0
2020-04-09 12:55:00,122.1129,122.27,122.04,122.16,60906.0
2020-04-09 12:50:00,121.79,122.21,121.62,122.12,37095.0
2020-04-09 12:45:00,121.7525,122.1063,121.68,121.85,62718.0
2020-04-09 12:40:00,121.415,121.76,121.25,121.76,51233.0
2020-04-09 12:35:00,121.369,121.64,121.345,121.39,27859.0
2020-04-09 12:30:00,121.66,121.69,121.31,121.35,32495.0
2020-04-09 12:25:00,121.69,121.75,121.5,121.66,28247.0
2020-04-09 12:20:00,121.41,121.75,121.35,121.72,37791.0
2020-04-09 12:15:00,121.645,121.65,121.32,121.43,30486.0
2020-04-09 12:10:00,121.56,121.665,121.395,121.62,27364.0
2020-04-09 12:05:00,121.45,121.6209,121.35,121.56,21595.0
2020-04-09 12:00:00,121.31,121.55,121.19,121.43,23987.0
2020-04-09 11:55:00,121.52,121.59,121.2537,121.37,24314.0
2020-04-09 11:50:00,121.45,121.55,121.14,121.5,25823.0
2020-04-09 11:45:00,121.14,121.42,121.02,121.42,25482.0
2020-04-09 11:40:00,120.735,121.22,120.65,121.075,32235.0
2020-04-09 11:35:00,120.72,120.91,120.67,120.75,25284.0
2020-04-09 11:30:00,120.415,120.83,120.1672,120.76,37082.0
2020-04-09 11:25:00,120.505,120.84,120.35,120.47,29476.0
2020-04-09 11:20:00,120.54,120.74,120.32,120.48,40249.0
2020-04-09 11:15:00,120.735,120.91,120.42,120.63,21631.0
2020-04-09 11:10:00,120.34,120.9,120.34,120.735,29843.0
2020-04-09 11:05:00,120.78,120.79,120.24,120.365,53334.0
2020-04-09 11:00:00,120.86,121.04,120.62,120.79,41310.0
2020-04-09 10:55:00,121.29,121.325,120.8,120.88,48346.0
2020-04-09 10:50:00,121.572,121.68,121.3,121.35,38088.0
2020-04-09 10:45:00,121.51,121.65,121.05,121.555,46000.0
2020-04-09 10:40:00,121.62,121.72,121.26,121.58,36142.0
2020-04-09 10:35:00,121.73,121.78,121.21,121.62,39553.0
2020-04-09 10:30:00,120.81,121.6964,120.8,121.64,36111.0
2020-04-09 10:25:00,120.4,120.85,120.36,120.84,46276.0
2020-04-09 10:20:00,121.41,121.45,120.37,120.4,57295.0
2020-04-09 10:15:00,120.63,121.4,120.63,121.3847,44675.0
2020-04-09 10:10:00,121.42,121.4591,120.63,120.63,54381.0
2020-04-09 10:05:00,122.0,122.05,121.51,121.5163,51439.0
2020-04-09 10:00:00,121.91,122.38,121.84,121.98,41277.0
2020-04-09 09:55:00,121.56,121.955,121.37,121.91,42258.0
2020-04-09 09:50:00,121.9373,122.06,121.37,121.59,66923.0
2020-04-09 09:45:00,121.48,121.978,121.4,121.9,62509.0
2020-04-09 09:40:00,120.68,121.48,120.53,121.48,85127.0
2020-04-09 09:35:00,120.79,121.4,120.54,120.735,202024.0
2020-04-08 16:00:00,119.81,119.89,119.22,119.23,273955.0
2020-04-08 15:55:00,119.78,119.96,119.56,119.775,208530.0
2020-04-08 15:50:00,118.75,119.24,118.67,119.215,57428.0
2020-04-08 15:45:00,118.66,119.04,118.25,118.8199,72853.0
2020-04-08 15:40:00,118.865,118.985,118.485,118.67,73576.0
2020-04-08 15:35:00,119.14,119.52,118.78,118.84,61566.0
2020-04-08 15:30:00,118.75,119.2,118.75,119.125,59095.0
2020-04-08 15:25:00,119.13,119.2,118.6345,118.78,59701.0
2020-04-08 15:20:00,118.9,119.2531,118.9,119.13,38140.0
2020-04-08 15:15:00,119.22,119.32,118.91,118.91,46121.0
2020-04-08 15:10:00,118.9775,119.3,118.84,119.22,48495.0
2020-04-08 15:05:00,118.94,118.98,118.78,118.98,32532.0
2020-04-08 15:00:00,118.72,119.01,118.66,118.93,31092.0
2020-04-08 14:55:00,118.37,118.7,118.35,118.7,68854.0
2020-04-08 14:50:00,118.46,118.5,118.245,118.32,34545.0
2020-04-08 14:45:00,118.37,118.8,118.35,118.44,46333.0
2020-04-08 14:40:00,118.15,118.4213,118.135,118.38,25834.0
2020-04-08 14:35:00,117.83,118.25,117.83,118.165,32454.0
2020-04-08 14:30:00,118.08,118.19,117.78,117.83,43787.0
2020-04-08 14:25:00,117.6201,118.055,117.5401,118.055,32639.0
2020-04-08 14:20:00,117.51,117.74,117.4543,117.63,30736.0
2020-04-08 14:15:00,117.61,117.68,117.4,117.46,24326.0
2020-04-08 14:10:00,117.75,117.775,117.4475,117.652,31022.0
2020-04-08 14:05:00,117.19,117.8,117.05,117.725,59786.0
2020-04-08 14:00:00,117.53,117.56,117.1257,117.185,20843.0
2020-04-08 13:55:00,117.36,117.6,117.36,117.55,12172.0
2020-04-08 13:50:00,117.12,117.57,117.12,117.31,17195.0
2020-04-08 13:45:00,117.14,117.2154,116.9684,117.14,18470.0
2020-04-08 13:40:00,117.39,117.39,117.03,117.1,20368.0
2020-04-08 13:35:00,117.55,117.6004,117.285,117.38,29310.0
2020-04-08 13:30:00,117.98,118.02,117.54,117.54,20224.0
2020-04-08 13:25:00,117.66,117.99,117.66,117.9797,17498.0
2020-04-08 13:20:00,117.4948,117.78,117.47,117.66,14184.0
2020-04-08 13:15:00,117.53,117.56,117.27,117.45,16848.0
2020-04-08 13:10:00,117.52,117.82,117.42,117.5551,16991.0
2020-04-08 13:05:00,117.57,117.66,117.324,117.55,16434.0
2020-04-08 13:00:00,117.7,117.74,117.494,117.545,19450.0
2020-04-08 12:55:00,117.8901,117.965,117.5977,117.69,24201.0
2020-04-08 12:50:00,117.89,118.16,117.86,117.87,20831.0
2020-04-08 12:45:00,117.9343,118.08,117.8,117.88,29491.0
2020-04-08 12:40:00,117.66,117.96,117.36,117.96,35527.0
2020-04-08 12:35:00,117.442,117.69,117.42,117.61,13288.0
2020-04-08 12:30:00,117.77,117.8,117.37,117.4511,36671.0
2020-04-08 12:25:00,117.77,117.91,117.645,117.7794,30836.0
2020-04-08 12:20:00,117.3847,117.84,117.3847,117.79,42506.0
2020-04-08 12:15:00,117.27,117.4,117.05,117.39,15943.0
2020-04-08 12:10:00,117.2,117.45,117.1,117.26,25748.0
2020-04-08 12:05:00,117.09,117.1961,116.775,117.16,25301.0
2020-04-08 12:00:00,117.21,117.4,117.11,117.13,20956.0
2020-04-08 11:55:00,117.08,117.175,116.9,117.175,35142.0
2020-04-08 11:50:00,117.0348,117.23,116.99,117.09,51759.0
2020-04-08 11:45:00,117.42,117.49,116.99,117.03,59395.0
2020-04-08 11:40:00,117.06,117.49,116.99,117.17,43350.0
2020-04-08 11:35:00,116.76,117.13,116.7253,117.09,40284.0
2020-04-08 11:30:00,116.425,116.775,116.36,116.7254,35294.0
2020-04-08 11:25:00,116.44,116.79,116.345,116.36,41140.0
2020-04-08 11:20:00,116.4639,116.55,116.27,116.415,27421.0
2020-04-08 11:15:00,116.27,116.51,116.15,116.43,37983.0
2020-04-08 11:10:00,116.29,116.4279,115.975,116.2,40916.0
2020-04-08 11:05:00,116.82,116.99,116.2,116.25,40562.0
2020-04-08 11:00:00,116.45,117.01,116.06,116.87,61194.0
2020-04-08 10:55:00,116.36,116.63,116.34,116.445,110555.0
2020-04-08 10:50:00,115.67,116.36,115.58,116.36,99302.0
2020-04-08 10:45:00,115.98,116.13,115.5803,115.6478,49606.0
2020-04-08 10:40:00,116.54,116.59,116.0,116.0,136411.0
2020-04-08 10:35:00,116.245,116.5,116.08,116.5,34288.0
2020-04-08 10:30:00,115.75,116.33,115.75,116.27,35161.0
2020-04-08 10:25:00,116.17,116.17,115.79,115.79,20557.0
2020-04-08 10:20:00,115.89,116.17,115.68,116.155,24475.0
2020-04-08 10:15:00,115.34,115.9762,115.34,115.9,24301.0
2020-04-08 10:10:00,115.43,115.6362,115.0742,115.2288,36423.0
2020-04-08 10:05:00,115.59,115.97,115.45,115.5,32251.0
2020-04-08 10:00:00,115.62,115.89,115.3,115.58,40935.0
2020-04-08 09:55:00,115.75,116.15,115.51,115.58,37911.0
2020-04-08 09:50:00,116.35,116.51,115.74,115.7492,41670.0
2020-04-08 09:45:00,116.7645,117.32,116.07,116.26,32129.0
2020-04-08 09:40:00,116.42,117.1399,115.5,116.86,77799.0
2020-04-08 09:35:00,116.665,117.2985,116.0738,116.5,102862.0
2020-04-07 16:00:00,115.53,115.67,114.87,114.88,227275.0
2020-04-07 15:55:00,116.87,117.06,115.02,115.58,183678.0
2020-04-07 15:50:00,116.64,117.11,116.51,117.1,71604.0
2020-04-07 15:45:00,116.61,116.936,116.45,116.61,49810.0
2020-04-07 15:40:00,116.11,116.65,116.06,116.5,46232.0
2020-04-07 15:35:00,115.78,116.28,115.44,116.13,69472.0
2020-04-07 15:30:00,115.6,116.335,115.53,115.72,46015.0
2020-04-07 15:25:00,116.1,116.27,115.52,115.52,31810.0
2020-04-07 15:20:00,117.29,117.38,116.09,116.09,33371.0
2020-04-07 15:15:00,116.94,117.36,116.9128,117.275,43623.0
2020-04-07 15:10:00,116.55,117.03,116.54,116.97,28520.0
2020-04-07 15:05:00,115.89,116.66,115.8,116.635,43768.0
2020-04-07 15:00:00,115.79,116.1,115.65,115.84,26801.0
2020-04-07 14:55:00,116.2,116.3152,115.74,115.87,44332.0
2020-04-07 14:50:00,116.22,116.55,116.2195,116.225,35588.0
2020-04-07 14:45:00,116.87,116.91,116.14,116.23,35503.0
2020-04-07 14:40:00,117.27,117.27,116.8,116.89,24497.0
2020-04-07 14:35:00,117.34,117.58,117.1701,117.37,17384.0
2020-04-07 14:30:00,117.475,117.82,117.3083,117.32,33482.0
2020-04-07 14:25:00,116.84,117.51,116.83,117.46,26403.0
2020-04-07 14:20:00,117.45,117.4716,116.8,116.87,39893.0
2020-04-07 14:15:00,117.245,117.52,117.18,117.45,43605.0
2020-04-07 14:10:00,117.475,117.49,117.11,117.2,38714.0
2020-04-07 14:05:00,117.69,117.71,117.375,117.465,23356.0
2020-04-07 14:00:00,117.68,117.87,117.67,117.72,19779.0
2020-04-07 13:55:00,117.73,117.74,117.4,117.7,20244.0
2020-04-07 13:50:00,117.85,118.0,117.65,117.734,94587.0
2020-04-07 13:45:00,117.83,118.18,117.63,117.89,29187.0
2020-04-07 13:40:00,118.14,118.155,117.9,117.9,24129.0
2020-04-07 13:35:00,118.37,118.37,117.99,118.1694,26686.0
2020-04-07 13:30:00,118.3,118.35,118.12,118.325,21083.0
2020-04-07 13:25:00,118.2626,118.35,118.02,118.26,21446.0
2020-04-07 13:20:00,118.67,118.6787,118.16,118.2834,24427.0
2020-04-07 13:15:00,118.63,118.785,118.42,118.69,19770.0
2020-04-07 13:10:00,118.643,118.88,118.51,118.58,26799.0
2020-04-07 13:05:00,118.685,118.88,118.5245,118.6599,16593.0
2020-04-07 13:00:00,118.7,118.92,118.595,118.65,19644.0
2020-04-07 12:55:00,118.94,118.96,118.57,118.67,25258.0
2020-04-07 12:50:00,118.7,118.99,118.66,118.86,29584.0
2020-04-07 12:45:00,118.64,118.75,118.347,118.65,23501.0
2020-04-07 12:40:00,118.51,118.72,118.1638,118.625,23099.0
2020-04-07 12:35:00,118.83,118.895,118.4184,118.52,25885.0
2020-04-07 12:30:00,118.6875,118.88,118.62,118.82,23670.0
2020-04-07 12:25:00,118.93,119.0,118.63,118.65,40867.0
2020-04-07 12:20:00,118.56,118.93,118.56,118.93,31713.0
2020-04-07 12:15:00,118.71,118.72,118.34,118.51,37571.0
2020-04-07 12:10:00,118.51,118.75,118.51,118.74,40709.0
2020-04-07 12:05:00,118.07,118.515,118.05,118.515,40655.0
2020-04-07 12:00:00,117.85,118.32,117.78,117.92,43210.0
2020-04-07 11:55:00,118.0314,118.09,117.72,117.9,41349.0
2020-04-07 11:50:00,118.055,118.3,118.0,118.03,39076.0
2020-04-07 11:45:00,118.16,118.25,117.9393,118.0275,25102.0
2020-04-07 11:40:00,117.66,118.15,117.6485,118.13,27221.0
2020-04-07 11:35:00,117.73,118.0998,117.62,117.685,35680.0
2020-04-07 11:30:00,117.12,117.86,116.985,117.805,37406.0
2020-04-07 11:25:00,117.44,117.44,116.815,117.25,33476.0
2020-04-07 11:20:00,117.29,117.82,117.29,117.39,26962.0
2020-04-07 11:15:00,117.275,117.48,117.14,117.3,33618.0
2020-04-07 11:10:00,116.82,117.55,116.76,117.22,36168.0
2020-04-07 11:05:00,116.7201,116.99,116.51,116.895,48344.0
2020-04-07 11:00:00,116.3,116.97,116.3,116.81,65813.0
2020-04-07 10:55:00,116.97,117.07,116.01,116.26,114016.0
2020-04-07 10:50:00,117.46,117.66,116.8199,116.96,69272.0
2020-04-07 10:45:00,117.7999,118.0,117.44,117.45,49397.0
2020-04-07 10:40:00,117.865,117.97,117.55,117.7466,46053.0
2020-04-07 10:35:00,117.4267,117.92,117.385,117.845,69574.0
2020-04-07 10:30:00,117.76,117.97,117.377,117.44,75695.0
2020-04-07 10:25:00,118.1819,118.28,117.465,117.75,85128.0
2020-04-07 10:20:00,117.94,118.45,117.55,118.21,73525.0
2020-04-07 10:15:00,118.78,118.89,117.61,117.93,119047.0
2020-04-07 10:10:00,119.0093,119.3697,118.76,118.765,51969.0
2020-04-07 10:05:00,119.271,119.53,118.855,119.0,46784.0
2020-04-07 10:00:00,119.38,119.65,119.19,119.35,71555.0
2020-04-07 09:55:00,118.61,119.46,118.54,119.3765,70793.0
2020-04-07 09:50:00,118.58,118.88,118.51,118.615,68582.0
2020-04-07 09:45:00,118.28,118.7685,118.12,118.55,96668.0
2020-04-07 09:40:00,118.78,119.13,118.22,118.35,94801.0
2020-04-07 09:35:00,118.4975,118.91,118.25,118.81,274801.0
2020-04-06 16:00:00,115.16,115.7,114.71,114.77,551037.0
2020-04-06 15:55:00,114.0,115.16,113.68,115.16,317191.0
2020-04-06 15:50:00,113.62,113.68,113.29,113.66,79888.0
2020-04-06 15:45:00,113.28,113.64,113.27,113.6,74396.0
2020-04-06 15:40:00,113.16,113.3,113.05,113.26,73463.0
2020-04-06 15:35:00,113.3264,113.38,113.07,113.135,91007.0
2020-04-06 15:30:00,113.26,113.37,113.145,113.32,60398.0
2020-04-06 15:25:00,113.05,113.26,113.03,113.26,52173.0
2020-04-06 15:20:00,113.341,113.433,112.975,113.045,46458.0
2020-04-06 15:15:00,113.67,113.7,113.23,113.33,46708.0
2020-04-06 15:10:00,113.285,113.68,113.285,113.675,44780.0
2020-04-06 15:05:00,113.205,113.35,112.88,113.32,35464.0
2020-04-06 15:00:00,113.14,113.35,113.14,113.26,32569.0
2020-04-06 14:55:00,113.34,113.37,113.16,113.18,30066.0
2020-04-06 14:50:00,112.97,113.34,112.97,113.34,38046.0
2020-04-06 14:45:00,112.9044,113.04,112.855,113.02,27317.0
2020-04-06 14:40:00,112.77,112.97,112.76,112.94,24862.0
2020-04-06 14:35:00,112.805,112.89,112.68,112.795,31241.0
2020-04-06 14:30:00,112.655,112.82,112.55,112.77,26607.0
2020-04-06 14:25:00,112.49,112.7,112.38,112.68,26750.0
2020-04-06 14:20:00,112.47,112.57,112.36,112.485,30605.0
2020-04-06 14:15:00,112.658,112.75,112.435,112.5,31201.0
2020-04-06 14:10:00,112.93,112.9313,112.54,112.65,26483.0
2020-04-06 14:05:00,113.015,113.015,112.74,112.91,38020.0
2020-04-06 14:00:00,113.04,113.14,113.0,113.02,22361.0
2020-04-06 13:55:00,113.005,113.1,112.9501,113.03,26095.0
2020-04-06 13:50:00,112.975,113.04,112.78,113.005,37317.0
2020-04-06 13:45:00,112.8,112.97,112.78,112.97,33341.0
2020-04-06 13:40:00,112.66,112.8665,112.58,112.81,26366.0
2020-04-06 13:35:00,112.73,112.8,112.525,112.615,32443.0
2020-04-06 13:30:00,112.58,112.79,112.5669,112.705,37388.0
2020-04-06 13:25:00,112.3701,112.72,112.365,112.6049,40588.0
2020-04-06 13:20:00,112.45,112.54,112.29,112.4,37961.0
2020-04-06 13:15:00,112.4,112.6,112.4,112.505,28757.0
2020-04-06 13:10:00,112.325,112.5,112.3,112.44,28623.0
2020-04-06 13:05:00,112.4609,112.57,112.33,112.33,27681.0
2020-04-06 13:00:00,112.23,112.475,112.21,112.46,25881.0
2020-04-06 12:55:00,112.15,112.42,112.11,112.2599,40379.0
2020-04-06 12:50:00,112.24,112.38,112.12,112.17,34193.0
2020-04-06 12:45:00,112.585,112.63,112.25,112.25,26366.0
2020-04-06 12:40:00,112.51,112.66,112.48,112.58,28145.0
2020-04-06 12:35:00,112.58,112.645,112.3278,112.52,34720.0
2020-04-06 12:30:00,112.89,112.91,112.5884,112.61,26610.0
2020-04-06 12:25:00,112.57,112.935,112.57,112.92,43117.0
2020-04-06 12:20:00,112.55,112.595,112.36,112.55,51279.0
2020-04-06 12:15:00,112.3203,112.61,112.178,112.55,46477.0
2020-04-06 12:10:00,112.36,112.4,112.08,112.31,35726.0
2020-04-06 12:05:00,112.44,112.54,112.3373,112.35,29466.0
2020-04-06 12:00:00,112.765,112.79,112.355,112.41,25768.0
2020-04-06 11:55:00,112.8,112.815,112.64,112.78,31675.0
2020-04-06 11:50:00,112.7298,113.12,112.58,112.77,63750.0
2020-04-06 11:45:00,112.602,112.76,112.51,112.72,28754.0
2020-04-06 11:40:00,112.575,112.66,112.425,112.61,32611.0
2020-04-06 11:35:00,112.58,112.7001,112.4,112.605,32924.0
2020-04-06 11:30:00,112.25,112.57,112.25,112.56,112580.0
2020-04-06 11:25:00,112.73,112.77,112.1801,112.235,91224.0
2020-04-06 11:20:00,112.78,113.04,112.58,112.7,106797.0
2020-04-06 11:15:00,112.27,112.92,112.27,112.79,94356.0
2020-04-06 11:10:00,112.1571,112.43,112.1571,112.23,44246.0
2020-04-06 11:05:00,112.0943,112.175,111.73,112.1171,46118.0
2020-04-06 11:00:00,112.18,112.43,112.03,112.11,38238.0
2020-04-06 10:55:00,112.03,112.2,111.91,112.165,40543.0
2020-04-06 10:50:00,112.0,112.24,111.8792,112.06,34107.0
2020-04-06 10:45:00,112.55,112.65,111.94,111.94,42035.0
2020-04-06 10:40:00,112.53,112.69,112.41,112.53,61156.0
2020-04-06 10:35:00,112.46,112.75,112.12,112.485,59097.0
2020-04-06 10:30:00,112.53,112.71,112.4,112.43,36607.0
2020-04-06 10:25:00,112.87,113.0,112.42,112.525,50200.0
2020-04-06 10:20:00,112.75,112.89,112.525,112.846,51597.0
2020-04-06 10:15:00,112.81,112.95,112.46,112.7282,49769.0
2020-04-06 10:10:00,113.0,113.1325,112.625,112.83,48935.0
2020-04-06 10:05:00,112.9,113.62,112.88,113.03,84412.0
2020-04-06 10:00:00,113.54,113.66,112.75,112.94,93067.0
2020-04-06 09:55:00,111.74,113.73,111.68,113.58,124206.0
2020-04-06 09:50:00,111.14,111.9,111.13,111.59,66558.0
2020-04-06 09:45:00,110.59,112.15,110.5022,111.3,104229.0
2020-04-06 09:40:00,110.3,110.685,110.13,110.59,58995.0
2020-04-06 09:35:00,110.35,110.73,110.16,110.35,189115.0
2020-04-03 16:00:00,106.76,106.87,105.98,106.4,213635.0
2020-04-03 15:55:00,106.4,106.98,106.18,106.731,124153.0
2020-04-03 15:50:00,105.2427,106.43,105.23,106.29,90291.0
2020-04-03 15:45:00,105.76,105.78,105.22,105.23,41789.0
2020-04-03 15:40:00,105.94,106.09,105.65,105.705,58722.0
2020-04-03 15:35:00,106.09,106.36,105.845,105.92,59702.0
2020-04-03 15:30:00,105.87,106.18,105.82,106.09,29953.0
2020-04-03 15:25:00,106.245,106.3135,105.83,105.9,29319.0
2020-04-03 15:20:00,105.92,106.48,105.835,106.25,37872.0
2020-04-03 15:15:00,105.7389,106.13,105.66,105.945,25598.0
2020-04-03 15:10:00,106.03,106.08,105.68,105.8001,30061.0
2020-04-03 15:05:00,106.23,106.54,105.94,105.98,36133.0
2020-04-03 15:00:00,106.12,106.29,106.09,106.2056,25458.0
2020-04-03 14:55:00,105.8,106.44,105.8,106.1,32181.0
2020-04-03 14:50:00,105.4964,105.86,105.4964,105.815,26064.0
2020-04-03 14:45:00,105.91,106.04,105.47,105.4853,37274.0
2020-04-03 14:40:00,106.0699,106.12,105.9,105.92,54086.0
2020-04-03 14:35:00,105.97,106.06,105.87,106.05,49522.0
2020-04-03 14:30:00,105.487,106.01,105.43,105.9616,24581.0
2020-04-03 14:25:00,105.43,105.6,105.28,105.46,34732.0
2020-04-03 14:20:00,105.19,105.41,105.1,105.3392,23499.0
2020-04-03 14:15:00,105.08,105.15,104.99,105.15,19474.0
2020-04-03 14:10:00,105.07,105.27,104.92,105.14,72600.0
2020-04-03 14:05:00,105.165,105.495,105.06,105.06,48811.0
2020-04-03 14:00:00,105.41,105.48,105.12,105.2,35837.0
2020-04-03 13:55:00,105.521,105.67,105.43,105.43,27989.0
2020-04-03 13:50:00,105.37,105.69,105.36,105.56,31388.0
2020-04-03 13:45:00,105.65,105.65,105.14,105.38,116155.0
2020-04-03 13:40:00,105.64,105.88,105.62,105.693,15198.0
2020-04-03 13:35:00,105.93,105.93,105.61,105.65,31134.0
2020-04-03 13:30:00,106.2,106.2,105.87,105.9804,25233.0
2020-04-03 13:25:00,106.43,106.51,106.21,106.21,17797.0
2020-04-03 13:20:00,106.2,106.57,106.2,106.43,17934.0
2020-04-03 13:15:00,106.61,106.68,106.2,106.2,16518.0
2020-04-03 13:10:00,106.515,106.68,106.48,106.67,13444.0
2020-04-03 13:05:00,106.41,106.52,106.28,106.43,19914.0
2020-04-03 13:00:00,106.34,106.62,106.28,106.46,17072.0
2020-04-03 12:55:00,106.26,106.4,106.2361,106.36,16773.0
2020-04-03 12:50:00,107.04,107.05,106.1769,106.34,25939.0
2020-04-03 12:45:00,106.95,107.08,106.76,107.08,14858.0
2020-04-03 12:40:00,106.63,107.0,106.63,107.0,23307.0
2020-04-03 12:35:00,106.66,106.9534,106.59,106.725,25999.0
2020-04-03 12:30:00,106.47,106.7109,106.38,106.7,20351.0
2020-04-03 12:25:00,106.3,106.74,106.16,106.5,33547.0
2020-04-03 12:20:00,106.64,106.76,106.27,106.27,26337.0
2020-04-03 12:15:00,106.8565,106.88,106.51,106.67,20014.0
2020-04-03 12:10:00,107.23,107.23,106.65,106.795,22031.0
2020-04-03 12:05:00,107.1063,107.35,107.05,107.25,15729.0
2020-04-03 12:00:00,106.95,107.2721,106.92,107.15,19716.0
2020-04-03 11:55:00,106.925,106.96,106.69,106.92,28566.0
2020-04-03 11:50:00,107.04,107.05,106.62,106.91,75716.0
2020-04-03 11:45:00,107.575,107.63,106.92,107.08,37864.0
2020-04-03 11:40:00,107.81,107.82,107.38,107.6849,31169.0
2020-04-03 11:35:00,107.69,107.84,107.28,107.8244,34170.0
2020-04-03 11:30:00,107.55,107.83,107.51,107.76,21343.0
2020-04-03 11:25:00,108.11,108.175,107.43,107.48,22560.0
2020-04-03 11:20:00,107.75,108.23,107.73,108.011,33232.0
2020-04-03 11:15:00,108.2,108.28,107.74,107.77,25318.0
2020-04-03 11:10:00,108.25,108.31,107.92,108.21,19877.0
2020-04-03 11:05:00,108.1479,108.59,108.1479,108.28,20281.0
2020-04-03 11:00:00,108.193,108.45,108.11,108.14,50656.0
2020-04-03 10:55:00,108.78,108.92,108.28,108.2954,18975.0
2020-04-03 10:50:00,108.59,108.9058,108.42,108.8278,26125.0
2020-04-03 10:45:00,107.93,108.65,107.83,108.65,40505.0
2020-04-03 10:40:00,107.99,108.26,107.66,107.89,30923.0
2020-04-03 10:35:00,108.59,108.59,107.88,108.0,36002.0
2020-04-03 10:30:00,108.73,108.88,108.3305,108.485,18757.0
2020-04-03 10:25:00,108.795,108.87,108.27,108.87,25595.0
2020-04-03 10:20:00,109.4,109.43,108.7422,108.8175,29755.0
2020-04-03 10:15:00,109.79,109.79,109.44,109.57,19373.0
2020-04-03 10:10:00,109.4,110.045,109.4,109.87,43565.0
2020-04-03 10:05:00,109.62,110.07,109.43,109.455,40436.0
2020-04-03 10:00:00,109.53,109.99,109.53,109.56,46937.0
2020-04-03 09:55:00,109.39,109.57,109.11,109.57,43358.0
2020-04-03 09:50:00,109.67,109.845,109.27,109.35,32539.0
2020-04-03 09:45:00,109.4,109.88,109.28,109.68,18835.0
2020-04-03 09:40:00,109.49,109.67,109.01,109.53,25140.0
2020-04-03 09:35:00,109.0159,109.89,109.0159,109.31,117630.0
